{
  "seeds": 10,
  "detectors": {
    "X3D-S": {
      "n_test": 299,
      "n_hard": 46,
      "n_easy": 253,
      "ov_mr_b": 0.14666666666666667,
      "ov_auc_b": 0.9434899328859061,
      "hd_mr_b": 0.5555555555555556,
      "hd_auc_b": 0.6101364522417154,
      "ea_mr_b": 0.056910569105691054,
      "ea_auc_b": 0.9637898686679175,
      "fpr05_b": 0.15333333333333332,
      "ov_mr_a": [
        0.12866666666666665,
        0.008969082698049143
      ],
      "ov_auc_a": [
        0.9440984340044742,
        0.0020657578087313532
      ],
      "hd_mr_a": [
        0.45555555555555555,
        0.04982823721138412
      ],
      "hd_auc_a": [
        0.6409356725146199,
        0.01764751703353805
      ],
      "ea_mr_a": [
        0.056910569105691054,
        0.0
      ],
      "ea_auc_a": [
        0.9636710444027518,
        0.002885953563218203
      ],
      "fpr05_a": [
        0.142,
        0.007333333333333329
      ],
      "dalpha": [
        0.04256993159651756,
        0.014830214902758598
      ]
    },
    "SlowFast": {
      "n_test": 299,
      "n_hard": 29,
      "n_easy": 270,
      "ov_mr_b": 0.08,
      "ov_auc_b": 0.9623713646532438,
      "hd_mr_b": 0.2222222222222222,
      "hd_auc_b": 0.5656565656565656,
      "ea_mr_b": 0.06060606060606061,
      "ea_auc_b": 0.9732652613087396,
      "fpr05_b": 0.08666666666666667,
      "ov_mr_a": [
        0.076,
        0.004422166387140534
      ],
      "ov_auc_a": [
        0.9626890380313199,
        0.0021212442555533493
      ],
      "hd_mr_a": [
        0.18888888888888888,
        0.036851386559504436
      ],
      "hd_auc_a": [
        0.5944444444444444,
        0.01849478123596015
      ],
      "ea_mr_a": [
        0.060606060606060594,
        1.3877787807814457e-17
      ],
      "ea_auc_a": [
        0.9730895915678524,
        0.0025476844471334146
      ],
      "fpr05_a": [
        0.08133333333333334,
        0.008326663997864534
      ],
      "dalpha": [
        0.04702117294073105,
        0.021115165203809738
      ]
    },
    "MViT": {
      "n_test": 299,
      "n_hard": 13,
      "n_easy": 286,
      "ov_mr_b": 0.04666666666666667,
      "ov_auc_b": 0.9854586129753915,
      "hd_mr_b": 0.0,
      "hd_auc_b": 0.2272727272727273,
      "ea_mr_b": 0.050359712230215826,
      "ea_auc_b": 0.9884989967209906,
      "fpr05_b": 0.08,
      "ov_mr_a": [
        0.05066666666666667,
        0.0032659863237109047
      ],
      "ov_auc_a": [
        0.9767740492170022,
        0.002166162761511546
      ],
      "hd_mr_a": [
        0.0,
        0.0
      ],
      "hd_auc_a": [
        0.28636363636363643,
        0.1150817172833833
      ],
      "ea_mr_a": [
        0.05467625899280576,
        0.0035244456730693227
      ],
      "ea_auc_a": [
        0.9789409288895413,
        0.0023147379276915003
      ],
      "fpr05_a": [
        0.078,
        0.0042687494916219
      ],
      "dalpha": [
        0.048524677753448486,
        0.013297304511070251
      ]
    }
  },
  "rlvs_zero_shot": {
    "mr_b": 0.403,
    "mr_a": 0.411,
    "auc_b": 0.9156160000000001,
    "auc_a": 0.896143,
    "dalpha": 0.0006407499313354492
  },
  "rlvs_in_domain": {
    "mr_b": [
      0.386,
      0.052191953402799564
    ],
    "mr_a": [
      0.22199999999999998,
      0.08494704232638121
    ],
    "auc_b": [
      0.9051974999999999,
      0.013068045234464124
    ],
    "auc_a": [
      0.9490299999999999,
      0.015312910402663487
    ],
    "dalpha": [
      0.43456801772117615,
      0.16739389300346375
    ]
  },
  "headroom": [
    [
      "X3D-S",
      "RWF",
      0.0565100671140939,
      0.018000000000000016
    ],
    [
      "SlowFast",
      "RWF",
      0.0376286353467562,
      0.0040000000000000036
    ],
    [
      "MViT",
      "RWF",
      0.014541387024608499,
      -0.0040000000000000036
    ],
    [
      "X3D-S",
      "RLVS in-dom",
      0.09480250000000012,
      0.16400000000000003
    ]
  ]
}