{
  "n_clips": 15,
  "device": "cpu",
  "streams_ms": {
    "crowd (YOLOv8n)": [
      2181.0087600001375,
      194.64413668108972
    ],
    "lighting (OpenCV)": [
      1035.0846266666242,
      956.4845904687356
    ],
    "motion (Farneback)": [
      19382.739413333304,
      18336.474797204653
    ]
  },
  "context_total_ms": 22598.832800000066,
  "cgm_ms": 0.14276300000801712,
  "x3ds_ms": 232.01393999988795
}