{
  "seeds": 10,
  "detectors": [
    {
      "name": "X3D-S",
      "n_test": 299,
      "n_hard": 46,
      "overall": {
        "mr_b": [
          0.14666666666666667,
          0.0
        ],
        "mr_a": [
          0.12866666666666665,
          0.008969082698049143
        ],
        "auc_b": [
          0.9434899328859062,
          1.1102230246251565e-16
        ],
        "auc_a": [
          0.9440984340044742,
          0.0020657578087313532
        ]
      },
      "hard": {
        "mr_b": [
          0.5555555555555556,
          0.0
        ],
        "mr_a": [
          0.45555555555555555,
          0.04982823721138412
        ],
        "auc_b": [
          0.6101364522417153,
          1.1102230246251565e-16
        ],
        "auc_a": [
          0.6409356725146199,
          0.01764751703353805
        ]
      },
      "d_alpha": [
        0.04256993159651756,
        0.014830214902758598
      ]
    },
    {
      "name": "SlowFast",
      "n_test": 299,
      "n_hard": 29,
      "overall": {
        "mr_b": [
          0.07999999999999999,
          1.3877787807814457e-17
        ],
        "mr_a": [
          0.076,
          0.004422166387140534
        ],
        "auc_b": [
          0.9623713646532439,
          1.1102230246251565e-16
        ],
        "auc_a": [
          0.9626890380313199,
          0.0021212442555533493
        ]
      },
      "hard": {
        "mr_b": [
          0.22222222222222224,
          2.7755575615628914e-17
        ],
        "mr_a": [
          0.18888888888888888,
          0.036851386559504436
        ],
        "auc_b": [
          0.5656565656565656,
          0.0
        ],
        "auc_a": [
          0.5944444444444444,
          0.01849478123596015
        ]
      },
      "d_alpha": [
        0.04702117294073105,
        0.021115165203809738
      ]
    },
    {
      "name": "MViT",
      "n_test": 299,
      "n_hard": 13,
      "overall": {
        "mr_b": [
          0.046666666666666676,
          6.938893903907228e-18
        ],
        "mr_a": [
          0.05066666666666667,
          0.0032659863237109047
        ],
        "auc_b": [
          0.9854586129753914,
          1.1102230246251565e-16
        ],
        "auc_a": [
          0.9767740492170022,
          0.002166162761511546
        ]
      },
      "hard": {
        "mr_b": [
          0.0,
          0.0
        ],
        "mr_a": [
          0.0,
          0.0
        ],
        "auc_b": [
          0.22727272727272735,
          5.551115123125783e-17
        ],
        "auc_a": [
          0.28636363636363643,
          0.1150817172833833
        ]
      },
      "d_alpha": [
        0.048524677753448486,
        0.013297304511070251
      ]
    }
  ],
  "headroom": [
    [
      "X3D-S",
      "RWF",
      0.05651006711409379,
      0.018000000000000016
    ],
    [
      "SlowFast",
      "RWF",
      0.03762863534675609,
      0.00399999999999999
    ],
    [
      "MViT",
      "RWF",
      0.01454138702460861,
      -0.003999999999999997
    ],
    [
      "X3D-S",
      "RLVS(cross)",
      0.09480250000000012,
      0.16400000000000003
    ]
  ]
}