{
  "seeds": 10,
  "boot": 5000,
  "perm_rep": 20,
  "hard_band": [
    0.3,
    0.7
  ],
  "n_test": 299,
  "n_hard": 46,
  "cgm": {
    "overall_mr": [
      0.12866666666666665,
      0.008969082698049143
    ],
    "overall_auc": [
      0.9440984340044742,
      0.0020657578087313532
    ],
    "hard_mr": [
      0.45555555555555555,
      0.04982823721138412
    ],
    "hard_auc": [
      0.6409356725146199,
      0.01764751703353805
    ]
  },
  "temperature_T": 1.1998153172423283,
  "methods": {
    "X3D-S (uncalibrated)": {
      "overall": {
        "n": 299,
        "mr": 0.14666666666666667,
        "auc": 0.9434899328859061
      },
      "hard": {
        "n": 46,
        "mr": 0.5555555555555556,
        "auc": 0.6101364522417154
      }
    },
    "Temperature scaling": {
      "overall": {
        "n": 299,
        "mr": 0.14666666666666667,
        "auc": 0.9434899328859061
      },
      "hard": {
        "n": 46,
        "mr": 0.5555555555555556,
        "auc": 0.6101364522417154
      }
    },
    "Platt scaling": {
      "overall": {
        "n": 299,
        "mr": 0.14666666666666667,
        "auc": 0.9434899328859061
      },
      "hard": {
        "n": 46,
        "mr": 0.5555555555555556,
        "auc": 0.6101364522417154
      }
    },
    "LogReg (13-dim)": {
      "overall": {
        "n": 299,
        "mr": 0.13333333333333333,
        "auc": 0.9370469798657718
      },
      "hard": {
        "n": 46,
        "mr": 0.48148148148148145,
        "auc": 0.6510721247563354
      }
    }
  },
  "bootstrap": {
    "auc_base_hard": 0.6101364522417154,
    "auc_cgm_hard": 0.6491228070175439,
    "delta_auc": 0.03898635477582846,
    "ci95": [
      -0.009618664717348893,
      0.09356725146198824
    ],
    "p_one_sided": 0.0572,
    "seed_hard_auc_mean": 0.6409356725146199,
    "seed_hard_auc_std": 0.01764751703353805,
    "seed_ttest_t": 5.235731499401148,
    "seed_ttest_p_one_sided": 0.0002689038849533979
  },
  "permutation": {
    "base_auc": 0.9440984340044742,
    "per_feature": {
      "p_base": [
        0.0010516778523489512,
        0.00292944831707397
      ],
      "crowd_mean": [
        0.0011485458612974968,
        0.0020631372206199707
      ],
      "crowd_max": [
        2.483221476506703e-05,
        0.002343730324418977
      ],
      "crowd_var": [
        -0.0001407158836689393,
        0.00221316009681214
      ],
      "crowd_area": [
        -0.0005000000000000376,
        0.0024629660925161207
      ],
      "light_brightness": [
        0.000761968680089447,
        0.0021032629050310226
      ],
      "light_contrast": [
        9.753914988810176e-05,
        0.0020672078385049865
      ],
      "light_blur": [
        0.001377404921700186,
        0.0022520357435141885
      ],
      "light_lowlight": [
        0.00011946308724828326,
        0.0021531273857926187
      ],
      "motion_mean": [
        0.00018590604026841927,
        0.002210452482110339
      ],
      "motion_peak": [
        0.000568008948545824,
        0.002398905528378732
      ],
      "motion_dir_entropy": [
        -0.00011968680089490147,
        0.0020097203716072714
      ],
      "motion_synchrony": [
        -0.00010984340044746688,
        0.0020434019537097724
      ]
    },
    "per_stream": {
      "base": 0.0010516778523489512,
      "crowd": 0.000532662192393587,
      "light": 0.002356375838926018,
      "motion": 0.000524384787471875
    }
  }
}