{
  "ablation": {
    "E0 baseline": {
      "fpr05": [
        0.15333333333333332,
        0.0
      ],
      "mr": [
        0.14666666666666667,
        0.0
      ],
      "auc": [
        0.9434899328859061,
        0.0
      ]
    },
    "+crowd": {
      "fpr05": [
        0.138,
        0.019561867668161606
      ],
      "mr": [
        0.13866666666666666,
        0.011850925889754116
      ],
      "auc": [
        0.9417315436241612,
        0.0022187206220578605
      ]
    },
    "+light": {
      "fpr05": [
        0.13933333333333334,
        0.01474222959166398
      ],
      "mr": [
        0.14133333333333334,
        0.010241527663824804
      ],
      "auc": [
        0.9444116331096197,
        0.0042421298731765795
      ]
    },
    "+motion": {
      "fpr05": [
        0.144,
        0.017938165396098278
      ],
      "mr": [
        0.14733333333333334,
        0.0046666666666666575
      ],
      "auc": [
        0.9421610738255033,
        0.0026447495039117284
      ]
    },
    "+all (CGM)": {
      "fpr05": [
        0.142,
        0.007333333333333329
      ],
      "mr": [
        0.12866666666666665,
        0.008969082698049143
      ],
      "auc": [
        0.9440984340044742,
        0.0020657578087313532
      ]
    }
  },
  "calibration": {
    "X3D-S (p_base)": {
      "overall": {
        "fpr05": 0.15333333333333332,
        "mr": 0.14666666666666667,
        "auc": 0.9434899328859061
      },
      "hard": {
        "fpr05": 0.5925925925925926,
        "mr": 0.5555555555555556,
        "auc": 0.6101364522417154
      }
    },
    "Temp. scaling (p_base)": {
      "overall": {
        "fpr05": 0.15333333333333332,
        "mr": 0.14666666666666667,
        "auc": 0.9434899328859061
      },
      "hard": {
        "fpr05": 0.5925925925925926,
        "mr": 0.5555555555555556,
        "auc": 0.6101364522417154
      }
    },
    "Logistic Reg. (13-dim)": {
      "overall": {
        "fpr05": 0.12,
        "mr": 0.13333333333333333,
        "auc": 0.9370469798657718
      },
      "hard": {
        "fpr05": 0.4074074074074074,
        "mr": 0.48148148148148145,
        "auc": 0.6510721247563354
      }
    },
    "CGM (13-dim, ours)": {
      "overall": {
        "mr": [
          0.12866666666666665,
          0.008969082698049143
        ],
        "auc": [
          0.9440984340044742,
          0.0020657578087313532
        ]
      },
      "hard": {
        "mr": [
          0.45555555555555555,
          0.04982823721138412
        ],
        "auc": [
          0.6409356725146199,
          0.01764751703353805
        ]
      }
    }
  },
  "n_test": 299,
  "n_hard": 46
}